timestamp,power_w,power_limit_w,temp_c,clocks_mhz,utilization_pct
07:02:08,63.19, [N/A], 56, 412, 65
07:02:09,57.46, [N/A], 64, 412, 82
07:02:10,56.89, [N/A], 65, 412, 78
07:02:11,55.47, [N/A], 65, 412, 76
07:02:12,58.03, [N/A], 66, 412, 83
07:02:13,58.05, [N/A], 67, 412, 77
07:02:14,57.77, [N/A], 68, 412, 76
07:02:15,57.87, [N/A], 69, 412, 76
07:02:16,58.88, [N/A], 70, 412, 80
07:02:17,63.56, [N/A], 70, 412, 95
07:02:18,61.78, [N/A], 72, 412, 93
07:02:19,58.26, [N/A], 72, 412, 84
07:02:20,59.13, [N/A], 72, 412, 87
07:02:21,58.61, [N/A], 72, 412, 80
07:02:22,57.99, [N/A], 73, 412, 74
07:02:23,58.97, [N/A], 73, 412, 76
07:02:24,59.38, [N/A], 74, 2587, 76
07:02:25,60.35, [N/A], 74, 2572, 77
07:02:26,61.99, [N/A], 76, 2572, 85
07:02:27,62.94, [N/A], 76, 2572, 85
07:02:28,61.54, [N/A], 76, 2572, 75
07:02:29,59.64, [N/A], 76, 2572, 75
07:02:30,59.50, [N/A], 77, 2572, 75
07:02:31,59.67, [N/A], 77, 2572, 78
07:02:32,59.26, [N/A], 77, 2572, 75
07:02:33,58.95, [N/A], 78, 2572, 74
07:02:35,56.60, [N/A], 77, 2572, 73
07:02:36,56.58, [N/A], 77, 2572, 73
07:02:37,55.47, [N/A], 78, 2572, 70
07:02:38,55.41, [N/A], 77, 2572, 72
07:02:39,55.42, [N/A], 78, 2572, 72
07:02:40,55.63, [N/A], 78, 2572, 72
07:02:41,55.72, [N/A], 78, 2467, 72
07:02:42,55.72, [N/A], 78, 2415, 74
07:02:43,55.88, [N/A], 79, 2445, 72
07:02:44,55.97, [N/A], 79, 2460, 72
07:02:45,55.91, [N/A], 79, 2422, 74
07:02:46,55.92, [N/A], 80, 2452, 74
07:02:47,55.90, [N/A], 79, 2452, 71
07:02:48,56.00, [N/A], 80, 2452, 71
07:02:49,56.26, [N/A], 80, 2452, 73
07:02:50,55.64, [N/A], 80, 2452, 71
07:02:51,31.33, [N/A], 76, 2452, 51
07:02:52,56.53, [N/A], 80, 2452, 70
07:02:53,56.57, [N/A], 80, 2452, 71
07:02:54,56.51, [N/A], 81, 2452, 71
07:02:55,56.59, [N/A], 81, 2452, 73
07:02:56,56.62, [N/A], 81, 2452, 73
07:02:57,56.61, [N/A], 82, 2452, 71
07:02:58,56.70, [N/A], 81, 2467, 73
07:02:59,56.74, [N/A], 82, 2430, 72
07:03:00,57.28, [N/A], 83, 2497, 73
07:03:01,57.57, [N/A], 82, 2505, 74
07:03:02,57.56, [N/A], 83, 2475, 76
07:03:03,57.64, [N/A], 83, 2505, 74
07:03:04,57.73, [N/A], 83, 2475, 75
07:03:05,57.46, [N/A], 83, 2467, 73
07:03:06,58.30, [N/A], 84, 2535, 75
07:03:07,57.97, [N/A], 83, 2535, 73
07:03:08,58.51, [N/A], 84, 2535, 76
07:03:09,61.67, [N/A], 85, 2535, 77
07:03:10,60.71, [N/A], 84, 2535, 76
07:03:11,60.83, [N/A], 85, 2535, 76
07:03:12,60.85, [N/A], 85, 2535, 77
07:03:13,61.07, [N/A], 85, 2535, 78
07:03:14,60.45, [N/A], 85, 2557, 77
07:03:16,59.96, [N/A], 85, 2527, 77
07:03:17,58.20, [N/A], 84, 2482, 74
07:03:18,58.09, [N/A], 85, 2475, 73
07:03:19,58.51, [N/A], 85, 2445, 75
07:03:20,58.47, [N/A], 85, 2482, 74
07:03:21,58.46, [N/A], 85, 2490, 71
07:03:22,58.43, [N/A], 85, 2422, 74
07:03:23,58.59, [N/A], 85, 2490, 74
07:03:24,58.66, [N/A], 86, 2475, 72
07:03:25,58.63, [N/A], 85, 2497, 75
07:03:26,58.70, [N/A], 86, 2482, 75
07:03:27,58.92, [N/A], 86, 2482, 75
07:03:28,58.76, [N/A], 85, 2482, 74
07:03:29,59.06, [N/A], 86, 2482, 76
07:03:30,61.94, [N/A], 87, 2617, 87
07:03:31,61.64, [N/A], 87, 2587, 86
07:03:32,59.09, [N/A], 86, 2587, 86
07:03:33,59.99, [N/A], 86, 2595, 89
07:03:34,59.29, [N/A], 86, 2572, 86
07:03:35,57.60, [N/A], 87, 2580, 86
07:03:36,58.96, [N/A], 87, 2550, 87
07:03:37,59.13, [N/A], 87, 2580, 83
07:03:38,59.25, [N/A], 87, 2595, 82
07:03:39,59.02, [N/A], 87, 2565, 81
07:03:40,58.69, [N/A], 86, 2557, 80
07:03:41,56.13, [N/A], 85, 2550, 85
07:03:42,57.46, [N/A], 87, 2557, 80
07:03:43,55.97, [N/A], 86, 2550, 80
07:03:44,57.78, [N/A], 87, 2557, 81
07:03:45,57.45, [N/A], 87, 2527, 81
07:03:46,54.42, [N/A], 86, 2527, 81
07:03:47,56.51, [N/A], 87, 2542, 82
07:03:48,56.95, [N/A], 87, 2550, 81
07:03:49,54.62, [N/A], 86, 2505, 79
07:03:50,57.74, [N/A], 87, 2527, 81
07:03:52,55.18, [N/A], 86, 2460, 83
07:03:53,56.65, [N/A], 87, 2557, 81
07:03:54,54.65, [N/A], 87, 2482, 81
07:03:55,54.02, [N/A], 87, 2467, 81
07:03:56,54.93, [N/A], 87, 2497, 82
07:03:57,55.14, [N/A], 87, 2520, 80
07:03:58,53.05, [N/A], 86, 2505, 82
07:03:59,55.30, [N/A], 86, 2505, 81
07:04:00,55.40, [N/A], 86, 2505, 81
07:04:01,53.97, [N/A], 86, 2475, 84
07:04:02,55.08, [N/A], 87, 2497, 81
07:04:03,53.69, [N/A], 87, 2520, 81
07:04:04,53.35, [N/A], 86, 2490, 84
07:04:05,52.80, [N/A], 87, 2490, 80
07:04:06,52.17, [N/A], 86, 2467, 83
07:04:07,54.51, [N/A], 87, 2505, 81
07:04:08,51.88, [N/A], 86, 2287, 84
07:04:09,52.67, [N/A], 86, 2437, 83
07:04:10,52.69, [N/A], 87, 2437, 84
07:04:11,54.92, [N/A], 87, 2467, 82
07:04:12,51.67, [N/A], 87, 2467, 82
07:04:13,52.05, [N/A], 86, 2415, 82
07:04:14,52.79, [N/A], 86, 2415, 82
07:04:15,51.81, [N/A], 87, 2415, 82
07:04:16,52.34, [N/A], 86, 2415, 84
07:04:17,51.16, [N/A], 86, 2415, 83
07:04:18,52.17, [N/A], 87, 2415, 83
07:04:19,52.62, [N/A], 86, 2445, 83
07:04:20,52.39, [N/A], 87, 2445, 82
07:04:21,52.26, [N/A], 87, 2407, 84
07:04:22,54.21, [N/A], 87, 2460, 81
07:04:23,51.67, [N/A], 87, 2407, 82
07:04:24,54.30, [N/A], 87, 2430, 82
07:04:25,50.80, [N/A], 87, 2437, 83
07:04:27,55.06, [N/A], 87, 2482, 87
07:04:28,50.98, [N/A], 86, 2347, 89
07:04:29,52.24, [N/A], 86, 2347, 89
07:04:30,52.09, [N/A], 87, 2347, 87
07:04:31,52.24, [N/A], 86, 2347, 89
07:04:32,52.22, [N/A], 87, 2347, 88
07:04:33,51.30, [N/A], 86, 2347, 85
07:04:34,53.77, [N/A], 87, 2347, 82
07:04:35,50.82, [N/A], 86, 2347, 87
07:04:36,50.80, [N/A], 86, 2347, 83
07:04:37,53.24, [N/A], 87, 2437, 82
07:04:38,52.65, [N/A], 87, 2437, 82
07:04:39,49.85, [N/A], 87, 2317, 84
07:04:40,52.25, [N/A], 87, 2392, 81
07:04:41,50.59, [N/A], 86, 2332, 83
07:04:42,51.39, [N/A], 86, 2362, 80
07:04:43,53.12, [N/A], 87, 2362, 81
07:04:44,52.61, [N/A], 87, 2362, 81
07:04:45,51.72, [N/A], 86, 2362, 82
07:04:46,53.69, [N/A], 87, 2362, 81
07:04:47,50.96, [N/A], 87, 2362, 84
07:04:48,51.72, [N/A], 87, 2362, 81
07:04:49,49.03, [N/A], 86, 2362, 83
07:04:50,50.85, [N/A], 87, 2362, 83
07:04:51,51.34, [N/A], 86, 2362, 81
07:04:52,49.03, [N/A], 86, 2362, 84
07:04:53,49.64, [N/A], 86, 2362, 81
07:04:54,52.00, [N/A], 87, 2445, 82
07:04:55,49.78, [N/A], 86, 2385, 83
07:04:56,51.61, [N/A], 87, 2400, 83
07:04:57,51.11, [N/A], 87, 2400, 82
07:04:58,51.24, [N/A], 87, 2400, 83
07:04:59,51.22, [N/A], 87, 2400, 81
07:05:00,51.20, [N/A], 87, 2400, 83
07:05:01,51.01, [N/A], 87, 2400, 84
07:05:03,51.13, [N/A], 86, 2400, 82
07:05:04,51.20, [N/A], 86, 2400, 82
07:05:05,49.23, [N/A], 86, 2400, 85
07:05:06,51.08, [N/A], 87, 2400, 82
07:05:07,51.18, [N/A], 87, 2400, 80
07:05:08,50.35, [N/A], 86, 2400, 82
07:05:09,51.08, [N/A], 87, 2400, 80
07:05:10,47.87, [N/A], 87, 2400, 82
07:05:11,51.65, [N/A], 87, 2400, 82
07:05:12,48.73, [N/A], 85, 2385, 87
07:05:13,51.13, [N/A], 87, 2385, 83
07:05:14,51.71, [N/A], 87, 2385, 84
07:05:15,51.97, [N/A], 87, 2385, 82
07:05:16,51.37, [N/A], 87, 2385, 83
07:05:17,48.10, [N/A], 86, 2385, 84
07:05:18,49.31, [N/A], 86, 2385, 84
07:05:19,50.95, [N/A], 87, 2385, 82
07:05:20,52.16, [N/A], 87, 2385, 82
07:05:21,49.48, [N/A], 86, 2385, 82
07:05:22,48.46, [N/A], 86, 2385, 80
07:05:23,50.35, [N/A], 86, 2385, 89
07:05:24,52.79, [N/A], 87, 2385, 91
07:05:25,52.31, [N/A], 87, 2385, 88
07:05:26,49.37, [N/A], 86, 2287, 94
07:05:27,50.58, [N/A], 87, 2467, 90
07:05:28,51.24, [N/A], 87, 2430, 91
07:05:29,51.50, [N/A], 87, 2415, 91
07:05:30,50.49, [N/A], 86, 2415, 86
07:05:31,50.53, [N/A], 87, 2415, 87
07:05:32,50.30, [N/A], 87, 2415, 87
07:05:33,50.34, [N/A], 87, 2415, 86
07:05:34,50.55, [N/A], 87, 2415, 86
07:05:35,50.59, [N/A], 86, 2415, 85
07:05:36,50.25, [N/A], 87, 2415, 82
07:05:38,48.53, [N/A], 86, 2415, 86
07:05:39,49.45, [N/A], 86, 2415, 86
07:05:40,51.51, [N/A], 87, 2415, 84
07:05:41,51.62, [N/A], 87, 2422, 84
07:05:42,49.84, [N/A], 86, 2370, 86
07:05:43,48.48, [N/A], 86, 2362, 88
07:05:44,48.58, [N/A], 87, 2347, 87
07:05:45,50.97, [N/A], 87, 2392, 85
07:05:46,49.66, [N/A], 87, 2362, 88
07:05:47,52.24, [N/A], 87, 2445, 84
07:05:48,48.71, [N/A], 86, 2310, 89
07:05:49,48.34, [N/A], 86, 2310, 86
07:05:50,48.47, [N/A], 86, 2310, 84
07:05:51,48.35, [N/A], 86, 2310, 85
07:05:52,49.78, [N/A], 86, 2310, 85
07:05:53,48.96, [N/A], 87, 2310, 86
07:05:54,50.07, [N/A], 87, 2310, 87
07:05:55,50.57, [N/A], 86, 2407, 86
07:05:56,50.08, [N/A], 87, 2377, 87
07:05:57,50.42, [N/A], 87, 2400, 88
07:05:58,47.77, [N/A], 86, 2302, 85
07:05:59,50.22, [N/A], 87, 2340, 94
07:06:00,50.03, [N/A], 87, 2377, 92
07:06:01,49.67, [N/A], 86, 2370, 92
07:06:02,49.98, [N/A], 87, 2370, 94
07:06:03,50.21, [N/A], 87, 2377, 93
07:06:04,49.73, [N/A], 87, 2370, 85
07:06:05,49.31, [N/A], 85, 2385, 86
07:06:06,49.44, [N/A], 86, 2385, 86
07:06:07,49.05, [N/A], 87, 2385, 88
07:06:08,49.33, [N/A], 86, 2385, 89
07:06:09,49.11, [N/A], 87, 2362, 85
07:06:10,49.29, [N/A], 86, 2377, 88
07:06:11,49.96, [N/A], 86, 2400, 88
07:06:13,50.03, [N/A], 87, 2377, 89
07:06:14,50.12, [N/A], 87, 2385, 88
07:06:15,50.08, [N/A], 86, 2422, 89
07:06:16,50.07, [N/A], 87, 2400, 89
07:06:17,50.12, [N/A], 86, 2355, 89
07:06:18,49.99, [N/A], 86, 2392, 89
07:06:19,49.92, [N/A], 87, 2370, 88
07:06:20,49.84, [N/A], 87, 2377, 89
07:06:21,48.76, [N/A], 87, 2235, 91
07:06:22,50.09, [N/A], 87, 2392, 89
07:06:23,48.42, [N/A], 86, 2325, 90
07:06:24,48.16, [N/A], 86, 2370, 93
07:06:25,48.69, [N/A], 87, 2355, 90
07:06:26,48.74, [N/A], 87, 2370, 91
07:06:27,49.31, [N/A], 86, 2280, 92
07:06:28,49.12, [N/A], 86, 2362, 89
07:06:29,50.03, [N/A], 87, 2385, 89
07:06:30,49.94, [N/A], 87, 2325, 87
07:06:31,49.57, [N/A], 86, 2355, 88
07:06:32,50.30, [N/A], 87, 2385, 89
07:06:33,50.28, [N/A], 87, 2400, 89
07:06:34,50.23, [N/A], 87, 2385, 88
07:06:35,49.19, [N/A], 87, 2385, 91
07:06:36,48.52, [N/A], 86, 2370, 91
07:06:37,48.55, [N/A], 87, 2347, 92
07:06:38,48.32, [N/A], 86, 2347, 90
07:06:39,48.54, [N/A], 87, 2347, 88
07:06:40,48.49, [N/A], 86, 2310, 90
07:06:41,49.59, [N/A], 87, 2400, 90
07:06:42,50.55, [N/A], 87, 2392, 95
07:06:43,52.03, [N/A], 87, 2347, 98
07:06:44,49.36, [N/A], 86, 2295, 97
07:06:45,50.66, [N/A], 87, 2407, 91
07:06:46,48.22, [N/A], 86, 2212, 99
07:06:48,48.37, [N/A], 86, 2167, 99
07:06:49,48.13, [N/A], 87, 2340, 88
07:06:50,51.12, [N/A], 86, 2355, 88
07:06:51,48.41, [N/A], 86, 2190, 97
07:06:52,46.23, [N/A], 87, 2437, 90
07:06:53,49.71, [N/A], 87, 2437, 94
07:06:54,49.66, [N/A], 86, 2437, 92
07:06:55,49.65, [N/A], 86, 2437, 91
07:06:56,49.68, [N/A], 86, 2437, 92
07:06:57,49.66, [N/A], 87, 2377, 87
07:06:58,50.32, [N/A], 86, 2407, 82
07:06:59,50.10, [N/A], 86, 2407, 83
07:07:00,50.15, [N/A], 87, 2407, 83
07:07:01,50.15, [N/A], 87, 2400, 81
07:07:02,50.08, [N/A], 86, 2400, 83
07:07:03,50.08, [N/A], 87, 2407, 84
07:07:04,50.05, [N/A], 87, 2407, 83
07:07:05,50.03, [N/A], 86, 2400, 83
07:07:06,50.19, [N/A], 87, 2407, 83
07:07:07,50.19, [N/A], 87, 2407, 83
07:07:08,50.15, [N/A], 86, 2407, 84
07:07:09,50.25, [N/A], 87, 2407, 83
07:07:10,48.42, [N/A], 86, 2407, 85
07:07:11,47.81, [N/A], 86, 2407, 84
07:07:12,47.94, [N/A], 87, 2407, 85
07:07:13,47.65, [N/A], 86, 2407, 84
07:07:14,47.75, [N/A], 86, 2407, 85
07:07:15,47.93, [N/A], 86, 2340, 84
