timestamp,power_w,power_limit_w,util_gpu,util_mem,clocks_gr,temp_c,perf_state
02:42:09,64.27, [N/A], 99, 17, 2497, 72, P4
02:42:11,64.33, [N/A], 94, 17, 2550, 74, P4
02:42:13,64.25, [N/A], 92, 17, 2565, 75, P4
02:42:15,64.39, [N/A], 91, 16, 2580, 77, P4
02:42:17,56.94, [N/A], 75, 13, 2325, 74, P4
02:42:19,62.70, [N/A], 92, 14, 2580, 79, P4
02:42:22,64.76, [N/A], 99, 15, 2430, 80, P4
02:42:24,64.24, [N/A], 95, 15, 2520, 80, P4
02:42:26,64.32, [N/A], 99, 17, 2535, 81, P4
02:42:28,64.16, [N/A], 99, 17, 2550, 82, P4
02:42:30,64.43, [N/A], 99, 16, 2565, 83, P4
02:42:32,64.12, [N/A], 99, 17, 2535, 83, P4
02:42:34,64.22, [N/A], 99, 17, 2535, 83, P4
02:42:36,64.13, [N/A], 90, 17, 2572, 84, P4
02:42:38,64.30, [N/A], 98, 18, 2482, 84, P4
02:42:40,64.45, [N/A], 96, 14, 2475, 85, P2
02:42:42,64.42, [N/A], 96, 17, 2505, 85, P4
02:42:44,64.54, [N/A], 97, 17, 2497, 86, P4
02:42:46,64.43, [N/A], 95, 16, 2490, 86, P4
02:42:48,64.52, [N/A], 96, 17, 2505, 86, P4
02:42:50,64.20, [N/A], 99, 17, 2520, 86, P4
02:42:52,64.43, [N/A], 97, 17, 2475, 87, P4
02:42:54,60.90, [N/A], 92, 17, 2467, 86, P4
02:42:56,61.86, [N/A], 98, 17, 2430, 87, P4
02:42:58,62.29, [N/A], 96, 17, 2437, 87, P4
02:43:00,61.95, [N/A], 96, 17, 2445, 87, P4
02:43:02,58.82, [N/A], 99, 17, 2415, 86, P4
02:43:04,58.27, [N/A], 97, 17, 2370, 87, P4
02:43:06,58.07, [N/A], 97, 17, 2392, 87, P4
02:43:08,58.12, [N/A], 97, 17, 2362, 87, P4
02:43:10,58.32, [N/A], 97, 17, 2370, 87, P4
02:43:12,55.57, [N/A], 99, 16, 2242, 86, P4
02:43:14,54.97, [N/A], 99, 17, 2347, 86, P4
02:43:16,54.95, [N/A], 93, 17, 2347, 86, P4
02:43:18,55.45, [N/A], 99, 17, 2332, 86, P4
02:43:20,54.93, [N/A], 99, 17, 2340, 87, P4
02:43:22,54.90, [N/A], 93, 17, 2347, 87, P4
02:43:24,55.35, [N/A], 99, 16, 2332, 87, P4
02:43:26,55.02, [N/A], 99, 17, 2340, 87, P4
02:43:28,53.69, [N/A], 99, 16, 2325, 87, P4
02:43:31,52.90, [N/A], 99, 17, 2287, 87, P4
02:43:33,53.00, [N/A], 99, 17, 2302, 86, P4
02:43:35,52.93, [N/A], 99, 16, 2317, 86, P4
02:43:37,52.75, [N/A], 99, 16, 2332, 86, P4
02:43:39,52.55, [N/A], 98, 16, 2347, 87, P4
02:43:41,52.24, [N/A], 94, 15, 2355, 86, P4
02:43:43,52.88, [N/A], 99, 16, 2325, 87, P4
02:43:45,53.75, [N/A], 99, 15, 2355, 87, P4
02:43:47,52.91, [N/A], 93, 15, 2385, 87, P4
02:43:49,49.30, [N/A], 99, 15, 2197, 86, P4
02:43:51,51.16, [N/A], 99, 15, 2265, 86, P4
02:43:53,50.49, [N/A], 97, 16, 2295, 86, P4
02:43:55,49.83, [N/A], 95, 15, 2265, 86, P4
02:43:57,50.57, [N/A], 99, 15, 2272, 86, P4
02:43:59,51.70, [N/A], 95, 16, 2340, 86, P4
02:44:01,51.82, [N/A], 96, 16, 2355, 87, P4
02:44:03,52.50, [N/A], 95, 16, 2347, 86, P4
02:44:05,51.70, [N/A], 93, 15, 2355, 87, P4
02:44:07,48.61, [N/A], 89, 14, 2347, 87, P4
02:44:09,51.42, [N/A], 98, 15, 2325, 87, P4
02:44:11,49.51, [N/A], 99, 15, 2190, 86, P4
02:44:13,37.28, [N/A], 13, 2, 1267, 83, P4
02:44:15,50.55, [N/A], 89, 14, 2362, 87, P4
02:44:17,47.72, [N/A], 79, 10, 2235, 86, P2
02:44:19,43.94, [N/A], 70, 10, 2280, 86, P4
02:44:21,51.90, [N/A], 96, 13, 2347, 87, P2
02:44:23,50.43, [N/A], 88, 14, 2280, 86, P4
02:44:25,50.28, [N/A], 94, 15, 2370, 87, P4
02:44:27,49.10, [N/A], 99, 16, 2385, 87, P4
02:44:29,50.51, [N/A], 99, 16, 2302, 87, P4
02:44:31,51.40, [N/A], 99, 16, 2295, 87, P4
02:44:33,51.01, [N/A], 90, 15, 2287, 87, P4
02:44:36,51.16, [N/A], 95, 16, 2295, 87, P4
02:44:38,50.98, [N/A], 99, 16, 2287, 87, P4
02:44:40,49.85, [N/A], 99, 16, 2257, 87, P4
02:44:42,49.13, [N/A], 99, 16, 2287, 86, P4
02:44:44,49.73, [N/A], 96, 15, 2272, 87, P4
02:44:46,50.08, [N/A], 99, 16, 2257, 87, P4
02:44:48,49.21, [N/A], 95, 16, 2287, 87, P4
02:44:50,50.12, [N/A], 99, 16, 2250, 87, P4
02:44:52,50.18, [N/A], 99, 16, 2250, 87, P4
02:44:54,49.75, [N/A], 99, 16, 2250, 87, P4
02:44:56,48.84, [N/A], 99, 16, 2250, 87, P4
02:44:58,48.02, [N/A], 99, 16, 2205, 86, P4
02:45:00,48.58, [N/A], 99, 16, 2205, 87, P4
02:45:02,47.55, [N/A], 93, 16, 2257, 87, P4
02:45:04,48.46, [N/A], 99, 16, 2212, 87, P4
02:45:06,48.61, [N/A], 99, 16, 2205, 87, P4
02:45:08,48.71, [N/A], 99, 16, 2220, 87, P4
02:45:10,48.63, [N/A], 99, 16, 2212, 87, P4
02:45:12,48.68, [N/A], 99, 16, 2212, 87, P4
02:45:14,48.12, [N/A], 96, 16, 2257, 87, P4
02:45:16,47.92, [N/A], 94, 16, 2257, 87, P4
02:45:18,48.60, [N/A], 99, 16, 2220, 87, P4
02:45:20,44.95, [N/A], 88, 14, 1807, 84, P4
02:45:22,47.34, [N/A], 94, 16, 2190, 86, P4
02:45:24,46.77, [N/A], 96, 16, 2190, 86, P4
02:45:26,45.79, [N/A], 99, 15, 2100, 86, P4
02:45:28,45.86, [N/A], 86, 14, 2205, 86, P4
02:45:30,41.60, [N/A], 96, 14, 2092, 86, P4
02:45:32,38.23, [N/A], 78, 14, 1665, 86, P4
02:45:34,49.15, [N/A], 94, 16, 2272, 86, P4
02:45:36,49.24, [N/A], 94, 16, 2265, 86, P4
02:45:39,49.34, [N/A], 99, 16, 2272, 87, P4
02:45:41,47.28, [N/A], 99, 16, 2205, 87, P4
02:45:43,46.94, [N/A], 92, 15, 2235, 86, P4
02:45:45,47.60, [N/A], 96, 16, 2190, 87, P4
02:45:47,47.79, [N/A], 99, 16, 2182, 87, P4
02:45:49,47.79, [N/A], 98, 15, 2190, 87, P4
02:45:51,47.92, [N/A], 99, 16, 2190, 87, P4
02:45:53,47.31, [N/A], 99, 15, 2182, 87, P4
02:45:55,47.74, [N/A], 98, 16, 2190, 87, P4
02:45:57,47.55, [N/A], 99, 16, 2197, 86, P4
02:45:59,47.88, [N/A], 99, 16, 2190, 87, P4
02:46:01,47.16, [N/A], 99, 16, 2227, 87, P4
02:46:03,47.77, [N/A], 99, 16, 2190, 87, P4
02:46:05,47.83, [N/A], 99, 16, 2190, 87, P4
02:46:07,47.02, [N/A], 94, 15, 2235, 87, P4
02:46:09,47.39, [N/A], 95, 16, 2190, 86, P4
02:46:11,47.91, [N/A], 99, 16, 2190, 87, P4
02:46:13,48.02, [N/A], 99, 16, 2182, 87, P4
02:46:15,47.63, [N/A], 99, 16, 2205, 87, P4
02:46:17,47.70, [N/A], 99, 15, 2190, 87, P4
02:46:19,47.44, [N/A], 97, 15, 2205, 87, P4
02:46:21,47.51, [N/A], 95, 15, 2197, 87, P4
02:46:23,47.70, [N/A], 99, 15, 2190, 87, P4
02:46:25,47.74, [N/A], 99, 15, 2190, 87, P4
02:46:27,47.71, [N/A], 99, 15, 2190, 87, P4
02:46:29,47.80, [N/A], 99, 15, 2182, 87, P4
02:46:31,47.99, [N/A], 99, 15, 2182, 87, P4
02:46:33,48.24, [N/A], 99, 15, 2175, 87, P4
02:46:35,47.13, [N/A], 98, 15, 2205, 87, P4
02:46:37,47.18, [N/A], 99, 15, 2182, 87, P4
02:46:39,45.94, [N/A], 95, 15, 2190, 87, P4
02:46:42,45.72, [N/A], 97, 15, 2197, 86, P4
02:46:44,46.12, [N/A], 95, 15, 2182, 87, P4
02:46:46,43.88, [N/A], 99, 15, 2092, 86, P4
02:46:48,48.54, [N/A], 99, 15, 2220, 87, P4
02:46:50,45.96, [N/A], 94, 15, 2205, 87, P4
02:46:52,46.00, [N/A], 99, 15, 2115, 87, P4
02:46:54,45.29, [N/A], 96, 15, 2175, 86, P4
02:46:56,46.52, [N/A], 99, 15, 2085, 86, P4
02:46:58,45.05, [N/A], 98, 15, 2100, 86, P4
02:47:00,46.38, [N/A], 98, 15, 2182, 87, P4
02:47:02,46.04, [N/A], 93, 15, 2175, 86, P4
02:47:04,47.50, [N/A], 99, 15, 2160, 87, P4
02:47:06,44.37, [N/A], 99, 14, 2070, 86, P4
02:47:08,48.28, [N/A], 92, 13, 2250, 87, P4
02:47:10,45.90, [N/A], 99, 15, 2182, 87, P4
02:47:12,44.44, [N/A], 99, 15, 2085, 86, P4
02:47:14,47.65, [N/A], 89, 15, 2227, 86, P4
02:47:16,44.72, [N/A], 99, 16, 2085, 86, P4
02:47:18,46.60, [N/A], 95, 16, 2190, 87, P4
02:47:20,46.50, [N/A], 98, 16, 2182, 87, P4
02:47:22,47.47, [N/A], 99, 16, 2160, 87, P4
02:47:24,47.34, [N/A], 99, 16, 2167, 87, P4
02:47:26,45.66, [N/A], 98, 15, 2190, 87, P4
02:47:28,45.12, [N/A], 99, 15, 2160, 87, P4
02:47:30,45.95, [N/A], 99, 15, 2392, 87, P4
02:47:32,44.88, [N/A], 99, 15, 2137, 86, P4
02:47:34,44.90, [N/A], 99, 15, 2115, 86, P4
02:47:36,44.68, [N/A], 99, 15, 2130, 86, P4
02:47:38,47.97, [N/A], 94, 15, 2242, 87, P4
02:47:40,42.39, [N/A], 99, 13, 2017, 86, P4
02:47:42,31.50, [N/A], 99, 15, 2115, 86, P4
02:47:45,20.72, [N/A], 32, 5, 862, 84, P4
02:47:47,49.20, [N/A], 79, 10, 2205, 85, P2
02:47:49,44.52, [N/A], 81, 12, 2182, 86, P4
02:47:51,47.66, [N/A], 83, 12, 2130, 86, P4
02:47:53,45.79, [N/A], 81, 12, 2227, 86, P4
02:47:55,47.30, [N/A], 90, 13, 2250, 87, P4
02:47:57,47.38, [N/A], 93, 14, 2242, 87, P4
02:47:59,46.66, [N/A], 92, 14, 2220, 87, P4
02:48:01,47.29, [N/A], 94, 14, 2212, 87, P4
02:48:03,44.61, [N/A], 85, 13, 2167, 86, P4
02:48:05,44.68, [N/A], 83, 12, 2152, 86, P4
02:48:07,47.27, [N/A], 87, 13, 2152, 87, P4
02:48:09,43.23, [N/A], 87, 13, 2092, 86, P4
02:48:11,46.21, [N/A], 85, 14, 2272, 87, P4
02:48:13,45.17, [N/A], 81, 11, 2220, 87, P4
02:48:15,29.45, [N/A], 77, 11, 2092, 86, P4
02:48:17,8.99, [N/A], 1, 0, 367, 79, P4
02:48:19,8.70, [N/A], 1, 0, 285, 78, P4
02:48:21,5.69, [N/A], 13, 0, 367, 77, P8
02:48:23,59.30, [N/A], 86, 14, 2482, 86, P4
02:48:25,58.93, [N/A], 88, 14, 2512, 87, P4
02:48:27,55.65, [N/A], 91, 14, 2460, 86, P4
02:48:29,49.64, [N/A], 90, 14, 2332, 86, P4
02:48:31,49.87, [N/A], 93, 14, 2347, 87, P4
02:48:33,49.68, [N/A], 91, 14, 2340, 87, P4
02:48:35,49.86, [N/A], 93, 14, 2317, 87, P4
02:48:37,47.29, [N/A], 99, 14, 2100, 86, P4
02:48:39,47.45, [N/A], 95, 14, 2280, 87, P4
02:48:41,48.25, [N/A], 95, 14, 2257, 87, P4
02:48:43,47.74, [N/A], 95, 14, 2272, 87, P4
02:48:45,47.66, [N/A], 94, 14, 2265, 87, P4
02:48:47,47.50, [N/A], 94, 14, 2265, 86, P4
02:48:50,47.35, [N/A], 93, 14, 2265, 87, P4
02:48:52,47.45, [N/A], 93, 14, 2257, 87, P4
02:48:54,47.63, [N/A], 92, 11, 2257, 86, P2
02:48:56,43.25, [N/A], 85, 13, 2182, 86, P4
02:48:58,46.84, [N/A], 93, 11, 2220, 87, P2
02:49:00,45.67, [N/A], 94, 14, 2272, 87, P4
02:49:02,46.99, [N/A], 92, 14, 2250, 87, P4
02:49:04,46.92, [N/A], 93, 14, 2242, 87, P4
02:49:06,46.79, [N/A], 94, 14, 2242, 87, P4
02:49:08,45.37, [N/A], 99, 12, 1920, 86, P2
02:49:10,43.64, [N/A], 99, 14, 2092, 86, P4
02:49:12,47.50, [N/A], 94, 14, 2257, 87, P4
02:49:14,45.82, [N/A], 92, 14, 2242, 86, P4
02:49:16,46.01, [N/A], 97, 14, 2212, 87, P4
02:49:18,46.39, [N/A], 95, 14, 2227, 87, P4
02:49:20,46.22, [N/A], 92, 13, 2227, 87, P4
02:49:22,43.81, [N/A], 99, 14, 2002, 86, P4
02:49:24,45.46, [N/A], 99, 14, 2167, 87, P4
02:49:26,45.24, [N/A], 88, 13, 2152, 86, P4
02:49:28,45.23, [N/A], 93, 14, 2130, 87, P4
02:49:30,43.96, [N/A], 91, 14, 2167, 86, P4
02:49:32,45.16, [N/A], 92, 14, 2175, 87, P4
02:49:34,45.18, [N/A], 90, 14, 2175, 87, P4
02:49:36,45.11, [N/A], 90, 13, 2160, 87, P4
02:49:38,44.67, [N/A], 86, 13, 2160, 87, P4
02:49:40,45.16, [N/A], 93, 14, 2175, 86, P4
02:49:42,45.22, [N/A], 94, 14, 2167, 87, P4
02:49:44,42.96, [N/A], 99, 14, 2077, 86, P4
02:49:46,44.89, [N/A], 99, 14, 2122, 87, P4
02:49:48,44.86, [N/A], 99, 14, 2137, 87, P4
02:49:50,44.73, [N/A], 96, 14, 2145, 87, P4
02:49:53,44.98, [N/A], 97, 14, 2160, 87, P4
02:49:55,44.85, [N/A], 97, 14, 2145, 87, P4
02:49:57,44.82, [N/A], 98, 14, 2130, 87, P4
02:49:59,44.85, [N/A], 93, 14, 2160, 87, P4
02:50:01,44.89, [N/A], 93, 14, 2122, 86, P4
02:50:03,44.78, [N/A], 92, 13, 2145, 86, P4
02:50:05,44.66, [N/A], 92, 14, 2115, 87, P4
02:50:07,31.62, [N/A], 1, 0, 1612, 81, P4
02:50:09,9.26, [N/A], 2, 0, 382, 79, P4
02:50:11,9.16, [N/A], 2, 0, 405, 78, P4
02:50:13,6.29, [N/A], 9, 0, 637, 77, P8
02:50:15,8.37, [N/A], 7, 0, 847, 76, P5
02:50:17,8.37, [N/A], 8, 0, 900, 76, P5
02:50:19,6.00, [N/A], 9, 0, 862, 75, P8
02:50:21,63.23, [N/A], 88, 14, 2625, 85, P4
02:50:23,63.52, [N/A], 86, 14, 2632, 86, P4
02:50:25,58.85, [N/A], 88, 14, 2520, 87, P4
02:50:27,54.85, [N/A], 92, 14, 2482, 87, P4
02:50:29,53.83, [N/A], 92, 14, 2437, 87, P4
02:50:31,49.89, [N/A], 93, 14, 2340, 86, P4
02:50:33,49.14, [N/A], 95, 14, 2295, 86, P4
02:50:35,48.17, [N/A], 98, 14, 2310, 86, P4
02:50:37,48.71, [N/A], 93, 14, 2310, 87, P4
02:50:39,45.19, [N/A], 78, 11, 2130, 86, P4
02:50:41,45.59, [N/A], 89, 13, 2197, 86, P4
02:50:43,14.35, [N/A], 15, 1, 982, 81, P4
02:50:45,14.54, [N/A], 11, 1, 907, 80, P4
02:50:47,13.88, [N/A], 11, 1, 727, 79, P4
02:50:49,56.96, [N/A], 78, 13, 2385, 88, P4
02:50:51,50.15, [N/A], 83, 13, 2385, 87, P4
02:50:53,49.01, [N/A], 85, 13, 2332, 87, P4
02:50:55,49.98, [N/A], 84, 13, 2355, 87, P4
02:50:58,48.37, [N/A], 87, 13, 2340, 87, P4
02:51:00,46.46, [N/A], 90, 14, 2242, 87, P4
02:51:02,45.60, [N/A], 83, 13, 2227, 86, P4
02:51:04,46.70, [N/A], 89, 14, 2250, 86, P4
02:51:06,46.74, [N/A], 91, 14, 2250, 86, P4
02:51:08,47.78, [N/A], 88, 14, 2257, 87, P4
02:51:10,45.95, [N/A], 91, 14, 2265, 87, P4
02:51:12,45.70, [N/A], 90, 14, 2047, 86, P4
02:51:14,46.48, [N/A], 91, 14, 2220, 87, P4
02:51:16,46.70, [N/A], 89, 14, 2227, 87, P4
02:51:18,44.29, [N/A], 90, 14, 1807, 87, P4
02:51:20,46.74, [N/A], 92, 14, 2212, 87, P4
02:51:22,46.55, [N/A], 93, 14, 2197, 87, P4
02:51:24,46.11, [N/A], 90, 14, 2190, 87, P4
02:51:26,46.49, [N/A], 94, 14, 2212, 87, P4
02:51:28,44.14, [N/A], 96, 15, 2092, 87, P4
02:51:30,45.51, [N/A], 99, 15, 2152, 87, P4
02:51:32,39.99, [N/A], 76, 9, 1492, 87, P4
02:51:34,41.20, [N/A], 67, 10, 2160, 87, P4
02:51:36,25.35, [N/A], 15, 1, 277, 81, P4
02:51:38,38.26, [N/A], 66, 10, 2272, 87, P4
02:51:40,44.57, [N/A], 93, 14, 2287, 86, P4
02:51:42,18.99, [N/A], 15, 1, 780, 81, P4
02:51:44,14.86, [N/A], 13, 1, 855, 80, P4
02:51:46,45.39, [N/A], 87, 12, 2385, 86, P4
02:51:48,45.42, [N/A], 75, 12, 2160, 87, P4
02:51:50,51.08, [N/A], 90, 15, 2272, 86, P4
02:51:52,50.54, [N/A], 90, 15, 2362, 87, P4
02:51:54,48.64, [N/A], 94, 16, 2295, 87, P4
02:51:56,46.10, [N/A], 97, 16, 2190, 86, P4
02:51:58,46.73, [N/A], 97, 16, 2137, 86, P4
02:52:01,45.74, [N/A], 96, 16, 2227, 87, P4
02:52:03,46.49, [N/A], 94, 15, 2220, 86, P4
02:52:05,45.10, [N/A], 87, 14, 2235, 86, P4
02:52:07,46.08, [N/A], 94, 15, 2205, 87, P4
02:52:09,46.67, [N/A], 92, 15, 2227, 87, P4
02:52:11,45.50, [N/A], 85, 14, 2220, 86, P4
02:52:13,45.92, [N/A], 88, 14, 2197, 86, P4
02:52:15,43.80, [N/A], 87, 14, 2197, 86, P4
02:52:17,44.89, [N/A], 96, 16, 2145, 86, P4
02:52:19,44.89, [N/A], 98, 16, 2122, 86, P4
02:52:21,44.67, [N/A], 99, 15, 1995, 86, P4
02:52:23,46.07, [N/A], 95, 15, 2197, 87, P4
02:52:25,45.80, [N/A], 90, 14, 2197, 87, P4
02:52:27,47.33, [N/A], 87, 14, 2280, 88, P4
02:52:29,45.60, [N/A], 88, 14, 2212, 87, P4
02:52:31,44.17, [N/A], 99, 15, 2175, 86, P4
02:52:33,44.88, [N/A], 91, 15, 2212, 87, P4
02:52:35,44.95, [N/A], 98, 15, 2122, 87, P4
02:52:37,44.76, [N/A], 99, 15, 2025, 86, P4
02:52:39,43.07, [N/A], 99, 16, 2032, 86, P4
02:52:41,42.97, [N/A], 99, 15, 2025, 86, P4
02:52:43,43.61, [N/A], 99, 16, 1942, 86, P4
02:52:45,44.02, [N/A], 96, 15, 2137, 86, P4
02:52:47,45.72, [N/A], 95, 15, 2242, 87, P4
02:52:49,45.66, [N/A], 99, 16, 2115, 87, P4
02:52:51,44.90, [N/A], 97, 16, 2167, 87, P4
02:52:53,45.63, [N/A], 99, 16, 2100, 87, P4
02:52:55,29.51, [N/A], 83, 14, 840, 88, P4
02:52:57,45.78, [N/A], 86, 14, 2242, 87, P4
02:53:00,46.44, [N/A], 89, 15, 2265, 87, P4
02:53:02,45.42, [N/A], 95, 15, 2167, 86, P4
02:53:04,45.57, [N/A], 96, 15, 2175, 87, P4
02:53:06,45.49, [N/A], 96, 16, 2160, 87, P4
02:53:08,44.23, [N/A], 93, 15, 2115, 86, P4
02:53:10,44.20, [N/A], 98, 16, 2107, 86, P4
02:53:12,44.47, [N/A], 98, 16, 2100, 86, P4
02:53:14,44.13, [N/A], 99, 16, 2100, 87, P4
02:53:16,44.55, [N/A], 98, 15, 2092, 86, P4
02:53:18,44.49, [N/A], 99, 16, 2077, 86, P4
02:53:20,43.93, [N/A], 98, 15, 2107, 86, P4
02:53:22,45.33, [N/A], 88, 15, 2317, 87, P4
02:53:24,44.16, [N/A], 95, 15, 2122, 86, P4
02:53:26,44.52, [N/A], 99, 16, 2107, 87, P4
02:53:28,44.58, [N/A], 99, 16, 2107, 87, P4
02:53:30,44.51, [N/A], 99, 16, 2107, 87, P4
02:53:32,44.43, [N/A], 99, 16, 2122, 87, P4
02:53:34,44.63, [N/A], 98, 16, 2115, 86, P4
02:53:36,45.03, [N/A], 96, 16, 2257, 87, P4
02:53:38,42.88, [N/A], 96, 15, 2122, 86, P4
02:53:40,44.12, [N/A], 96, 15, 2145, 86, P4
02:53:42,44.26, [N/A], 94, 15, 2160, 86, P4
02:53:44,44.35, [N/A], 97, 16, 2130, 86, P4
02:53:46,44.80, [N/A], 99, 16, 2115, 86, P4
02:53:48,44.49, [N/A], 98, 16, 2130, 87, P4
02:53:50,44.35, [N/A], 97, 15, 2137, 87, P4
02:53:52,44.54, [N/A], 98, 16, 2145, 87, P4
02:53:54,44.15, [N/A], 94, 15, 2175, 87, P4
02:53:56,43.96, [N/A], 92, 15, 2122, 86, P4
02:53:59,44.13, [N/A], 97, 15, 2145, 86, P4
02:54:01,44.60, [N/A], 95, 15, 2122, 86, P4
02:54:03,44.57, [N/A], 99, 16, 2115, 86, P4
02:54:05,44.53, [N/A], 95, 15, 2122, 87, P4
02:54:07,44.45, [N/A], 96, 15, 2130, 86, P4
02:54:09,44.73, [N/A], 96, 15, 2107, 87, P4
02:54:11,45.06, [N/A], 99, 15, 2100, 87, P4
02:54:13,44.96, [N/A], 99, 15, 2092, 87, P4
02:54:15,44.98, [N/A], 98, 15, 2100, 87, P4
02:54:17,45.14, [N/A], 99, 16, 2092, 87, P4
02:54:19,44.75, [N/A], 99, 15, 2047, 87, P4
02:54:21,44.48, [N/A], 98, 15, 2145, 87, P4
02:54:23,44.00, [N/A], 93, 15, 2152, 86, P4
02:54:25,44.44, [N/A], 94, 15, 2122, 87, P4
02:54:27,44.12, [N/A], 94, 15, 2130, 86, P4
02:54:29,45.10, [N/A], 92, 15, 2137, 87, P4
02:54:31,43.51, [N/A], 95, 15, 2085, 86, P4
02:54:33,44.09, [N/A], 98, 15, 2092, 86, P4
02:54:35,44.00, [N/A], 98, 15, 2085, 87, P4
02:54:37,44.04, [N/A], 99, 16, 2070, 87, P4
02:54:39,43.89, [N/A], 94, 15, 2062, 86, P4
02:54:41,43.88, [N/A], 96, 15, 2092, 86, P4
02:54:43,43.83, [N/A], 96, 15, 2092, 86, P4
02:54:45,43.41, [N/A], 98, 15, 2092, 87, P4
02:54:47,44.04, [N/A], 98, 15, 2092, 86, P4
02:54:49,44.53, [N/A], 99, 16, 2017, 86, P4
02:54:51,43.91, [N/A], 93, 15, 2265, 87, P4
02:54:53,42.73, [N/A], 99, 15, 2017, 86, P4
02:54:55,42.71, [N/A], 99, 16, 2010, 86, P4
02:54:57,43.28, [N/A], 98, 16, 2025, 86, P4
02:55:00,42.05, [N/A], 99, 15, 1980, 86, P4
02:55:02,45.80, [N/A], 99, 16, 2175, 87, P4
02:55:04,44.65, [N/A], 98, 16, 2137, 87, P4
02:55:06,42.05, [N/A], 99, 15, 1905, 86, P4
02:55:08,45.10, [N/A], 98, 16, 2115, 87, P4
02:55:10,44.99, [N/A], 97, 15, 2122, 87, P4
02:55:12,44.74, [N/A], 96, 16, 2175, 87, P4
02:55:14,44.67, [N/A], 94, 15, 2152, 87, P4
02:55:16,44.81, [N/A], 98, 16, 2167, 87, P4
02:55:18,44.89, [N/A], 96, 16, 2175, 87, P4
02:55:20,45.00, [N/A], 96, 16, 2130, 87, P4
02:55:22,44.91, [N/A], 96, 15, 2145, 87, P4
02:55:24,44.98, [N/A], 95, 15, 2145, 87, P4
02:55:26,44.80, [N/A], 95, 15, 2152, 87, P4
02:55:28,44.93, [N/A], 96, 15, 2160, 87, P4
02:55:30,44.74, [N/A], 97, 16, 2160, 87, P4
02:55:32,44.87, [N/A], 96, 15, 2137, 87, P4
02:55:34,45.11, [N/A], 98, 16, 2137, 87, P4
02:55:36,44.97, [N/A], 97, 15, 2137, 87, P4
02:55:38,45.06, [N/A], 96, 15, 2115, 87, P4
02:55:40,45.11, [N/A], 95, 16, 2137, 87, P4
02:55:42,45.20, [N/A], 99, 16, 2115, 87, P4
02:55:44,45.15, [N/A], 98, 16, 2115, 87, P4
02:55:46,44.97, [N/A], 99, 16, 2122, 87, P4
02:55:48,44.85, [N/A], 98, 16, 2145, 87, P4
02:55:50,44.80, [N/A], 99, 16, 2145, 87, P4
02:55:52,44.78, [N/A], 96, 15, 2152, 87, P4
02:55:54,44.74, [N/A], 97, 15, 2137, 87, P4
02:55:56,44.63, [N/A], 98, 16, 2152, 87, P4
02:55:59,44.45, [N/A], 94, 15, 2190, 87, P4
02:56:01,44.87, [N/A], 98, 16, 2115, 87, P4
02:56:03,42.54, [N/A], 99, 15, 2017, 86, P4
02:56:05,44.01, [N/A], 97, 15, 2182, 86, P4
02:56:07,45.06, [N/A], 97, 15, 2122, 87, P4
02:56:09,45.00, [N/A], 99, 16, 2122, 87, P4
02:56:11,44.90, [N/A], 98, 16, 2130, 87, P4
02:56:13,45.10, [N/A], 99, 16, 2122, 87, P4
02:56:15,44.77, [N/A], 95, 15, 2137, 87, P4
02:56:17,44.84, [N/A], 98, 16, 2130, 87, P4
02:56:19,45.02, [N/A], 98, 16, 2115, 87, P4
02:56:21,44.81, [N/A], 98, 16, 2152, 87, P4
02:56:23,44.62, [N/A], 95, 16, 2182, 87, P4
02:56:25,45.22, [N/A], 99, 16, 2107, 87, P4
02:56:27,45.08, [N/A], 99, 16, 2115, 87, P4
02:56:29,44.87, [N/A], 99, 16, 2122, 87, P4
02:56:31,44.92, [N/A], 99, 16, 2107, 87, P4
02:56:33,44.96, [N/A], 95, 15, 2115, 87, P4
02:56:35,45.02, [N/A], 98, 16, 2115, 87, P4
02:56:37,44.60, [N/A], 98, 16, 2130, 86, P4
02:56:39,44.93, [N/A], 98, 15, 2130, 86, P4
02:56:41,44.71, [N/A], 94, 15, 2137, 87, P4
02:56:43,44.79, [N/A], 93, 15, 2137, 87, P4
02:56:45,44.94, [N/A], 97, 16, 2122, 87, P4
02:56:47,45.13, [N/A], 95, 15, 2152, 87, P4
02:56:49,44.60, [N/A], 96, 15, 2122, 87, P4
02:56:51,44.67, [N/A], 97, 16, 2122, 87, P4
02:56:53,44.96, [N/A], 94, 15, 2130, 87, P4
02:56:55,42.34, [N/A], 99, 15, 1980, 86, P4
02:56:58,42.56, [N/A], 87, 15, 2145, 87, P4
02:57:00,45.28, [N/A], 91, 15, 2182, 87, P4
02:57:02,43.81, [N/A], 95, 15, 2107, 87, P4
02:57:04,44.14, [N/A], 96, 15, 2115, 87, P4
02:57:06,44.21, [N/A], 92, 15, 2130, 87, P4
02:57:08,44.08, [N/A], 99, 16, 2077, 87, P4
02:57:10,44.71, [N/A], 99, 16, 2077, 87, P4
02:57:12,44.67, [N/A], 99, 16, 2092, 87, P4
02:57:14,44.54, [N/A], 99, 16, 2062, 87, P4
02:57:16,43.98, [N/A], 98, 16, 2107, 87, P4
02:57:18,43.90, [N/A], 96, 15, 2130, 87, P4
02:57:20,43.65, [N/A], 97, 16, 2152, 87, P4
02:57:22,42.14, [N/A], 88, 14, 2130, 86, P4
02:57:24,43.15, [N/A], 91, 15, 2107, 87, P4
02:57:26,41.65, [N/A], 97, 15, 2077, 86, P4
02:57:28,41.54, [N/A], 99, 15, 1972, 86, P4
02:57:30,44.57, [N/A], 89, 14, 2182, 86, P4
02:57:32,43.21, [N/A], 90, 14, 2100, 86, P4
02:57:34,43.63, [N/A], 94, 15, 2115, 86, P4
02:57:36,43.62, [N/A], 94, 15, 2092, 86, P4
02:57:38,43.42, [N/A], 99, 16, 2092, 86, P4
02:57:40,44.13, [N/A], 99, 16, 2100, 87, P4
02:57:42,43.92, [N/A], 98, 15, 2100, 87, P4
02:57:44,43.98, [N/A], 96, 15, 2115, 87, P4
02:57:46,44.07, [N/A], 97, 15, 2092, 87, P4
02:57:48,43.57, [N/A], 94, 15, 2092, 86, P4
02:57:50,43.64, [N/A], 97, 15, 2100, 87, P4
02:57:52,43.64, [N/A], 93, 15, 2092, 87, P4
02:57:54,43.72, [N/A], 94, 15, 2092, 86, P4
02:57:56,41.94, [N/A], 99, 16, 1942, 86, P4
02:57:59,45.14, [N/A], 94, 15, 2167, 87, P4
02:58:01,45.15, [N/A], 93, 15, 2160, 87, P4
02:58:03,40.82, [N/A], 99, 15, 1920, 86, P4
02:58:05,44.96, [N/A], 96, 15, 2145, 87, P4
02:58:07,42.85, [N/A], 99, 14, 2152, 87, P4
02:58:09,41.47, [N/A], 98, 15, 2025, 86, P4
02:58:11,42.15, [N/A], 99, 15, 1987, 86, P4
02:58:13,42.13, [N/A], 99, 15, 2010, 86, P4
02:58:15,41.82, [N/A], 95, 15, 2010, 86, P4
02:58:17,44.50, [N/A], 99, 15, 2032, 86, P4
02:58:19,43.24, [N/A], 90, 15, 2152, 87, P4
02:58:21,42.59, [N/A], 95, 15, 1935, 86, P4
02:58:23,44.99, [N/A], 92, 15, 2145, 87, P4
02:58:25,44.85, [N/A], 95, 15, 2137, 86, P4
02:58:27,45.17, [N/A], 97, 15, 2130, 87, P4
02:58:29,44.97, [N/A], 98, 15, 2130, 87, P4
02:58:31,45.10, [N/A], 95, 15, 2130, 87, P4
02:58:33,44.68, [N/A], 96, 15, 2137, 87, P4
02:58:35,44.80, [N/A], 97, 15, 2152, 87, P4
02:58:37,44.81, [N/A], 97, 16, 2167, 87, P4
02:58:39,42.07, [N/A], 99, 15, 2025, 86, P4
02:58:41,44.44, [N/A], 96, 15, 2092, 86, P4
02:58:43,44.30, [N/A], 93, 15, 2107, 87, P4
02:58:45,44.19, [N/A], 91, 15, 2107, 87, P4
02:58:47,44.13, [N/A], 94, 15, 2092, 86, P4
02:58:49,44.48, [N/A], 98, 15, 2100, 87, P4
02:58:51,43.86, [N/A], 99, 16, 2122, 87, P4
02:58:53,44.45, [N/A], 95, 15, 2107, 87, P4
02:58:55,44.49, [N/A], 98, 15, 2092, 87, P4
02:58:58,43.88, [N/A], 96, 15, 2122, 87, P4
02:59:00,44.57, [N/A], 99, 16, 2100, 87, P4
02:59:02,44.46, [N/A], 99, 16, 2100, 87, P4
02:59:04,44.24, [N/A], 97, 16, 2085, 87, P4
02:59:06,44.14, [N/A], 98, 16, 2100, 87, P4
02:59:08,44.43, [N/A], 97, 15, 2122, 87, P4
02:59:10,44.16, [N/A], 96, 15, 2115, 87, P4
02:59:12,44.36, [N/A], 97, 15, 2107, 87, P4
02:59:14,43.68, [N/A], 93, 15, 2130, 86, P4
02:59:16,44.54, [N/A], 96, 15, 2100, 87, P4
02:59:18,44.45, [N/A], 95, 15, 2092, 87, P4
02:59:20,43.64, [N/A], 86, 14, 2122, 87, P4
02:59:22,44.21, [N/A], 97, 16, 2092, 87, P4
02:59:24,42.73, [N/A], 98, 15, 2100, 87, P4
02:59:26,43.06, [N/A], 99, 15, 2025, 86, P4
02:59:28,42.96, [N/A], 99, 15, 2025, 87, P4
02:59:30,42.83, [N/A], 96, 15, 2047, 87, P4
02:59:32,44.11, [N/A], 99, 15, 2152, 86, P4
02:59:34,44.52, [N/A], 97, 15, 2137, 87, P4
02:59:36,44.58, [N/A], 95, 15, 2137, 87, P4
02:59:38,44.58, [N/A], 96, 15, 2152, 87, P4
02:59:40,44.57, [N/A], 93, 15, 2137, 87, P4
02:59:42,44.41, [N/A], 94, 15, 2137, 87, P4
02:59:44,44.63, [N/A], 97, 16, 2137, 87, P4
02:59:46,44.78, [N/A], 95, 15, 2115, 87, P4
02:59:48,41.45, [N/A], 73, 11, 2040, 85, P4
02:59:50,43.24, [N/A], 75, 12, 1972, 86, P4
02:59:52,41.72, [N/A], 76, 12, 2025, 86, P4
02:59:55,41.46, [N/A], 53, 8, 1972, 84, P4
02:59:57,42.72, [N/A], 93, 13, 2115, 87, P4
02:59:59,9.43, [N/A], 2, 0, 472, 80, P4
03:00:01,8.99, [N/A], 1, 0, 337, 79, P4
03:00:03,9.29, [N/A], 7, 0, 682, 78, P5
03:00:05,6.28, [N/A], 7, 0, 952, 77, P5
